title,tags,category
한국에서 돈을 가장 빨리 불리는 비법 (feat.13월의 월급 두둑해짐),"돈불리기,etf,비법,꿀팁,주식,재테크,연금저축,투자,미국주식",INVESTMENT
대출상품의 맹점을 활용해 저금리로 대출받아 서울에 내집 마련하기!,"부동산,재테크,투자",INVESTMENT
"애들건강 음식
ㅕ","반나나,채소,삶은고기,애호박,요플레",RELATIONSHIP
"운동
",테그,HOBBY
[웹소설 전망] 앞으로 웹소설을 혼자 써서 성공하기는 힘들 겁니다,"전망,웹소설,성공비결,공동창작,콘텐츠,성공공식,집단창작",SIDE_JOB
웹소설로 돈 벌려면 이 3가지를 익히셔야 합니다,"세컨드잡,웹소설,성공비결,N잡러,N잡,성공공식,인기작품",SIDE_JOB
"웹소설, 같이 쓰면 얼마나 더 나아지는지 보여드림","웹소설,부업,성공비결,N잡,N잡러,성공공식,인기작품",SIDE_JOB
웹소설을 같이 쓴다는 것,"1등,웹소설,카카오페이지",SIDE_JOB
카카오페이지 웹소설 1위 찍다!,"1등,웹소설,카카오페이지,인기작품",SIDE_JOB
발로란트,"발로란트,세이지,게임,로터스",GAME
마들렌 만드는 법,"마들렌,베이킹레시피간식초코마들렌",HOBBY
[1탄] 점만 100번 이상 본 무당 매니아가 말하는 ‘점집 찾는 법’,"신,무당,점린이,점사,신점,사주,점집,미스테리,사주팔자",MYSTERY
"[커리어 1탄] 대 이직의 시대, 프로 이직러라면 알아야할 '연차' 꿀팁","연차,커리어,비법거래소,비법,꿀팁",CAREER
단기간에(1달이내) 10키로 이상 빼기(정말급한분들만),"다이어트,단기간다이어트",SPORTS
"조직 밖에서 스스로 돈벌기, 절반의 성공과 절반의 실패","일러스트레이터,부업,자기계발,N잡,커리어,수익화,디자이너,자기개발,프리랜서",CAREER
마플샵 크리에이터 심사 한번에 합격하는 비법 공개 !,"부업,마플샵,비법거래소,굿즈제작,마플샵크리에이터심사승인비법,클라이밍,클라이밍굿즈",SIDE_JOB
스타벅스 꿀팁이 궁금하세요?,"스타벅스,별적립",ETC
맥을 똑똑하게쓰기,"맥북,돈값해야지,맥북비싸",HOBBY
마인크래프트 엔더드래곤 원트에 잡는방법,"마크,게임,마인크래프트",GAME
판타지 웹소설 쓸 때 참조할만한 스킬 & 아이템 설정집,웹소설,SIDE_JOB
조회수 떡상하는 웹소설 표지 만드는 법 (1),웹소설,SIDE_JOB
조회수 떡상하는 웹소설 표지 만드는 법 (2),웹소설,SIDE_JOB
웹소설 진단 서비스 - 카카오페이지 1등이 웹소설로 돈 버는 법 알려드림,웹소설,SIDE_JOB
직장인 부업 추천 - 블로그를 시작하세요 :),"직장인부업,블로그,부업,네이버블로그",SIDE_JOB
🙅 순문학 전공자가 흔히 하는 실수,웹소설,SIDE_JOB
당신이 연재를 유지할 수 없는 이유,웹소설,SIDE_JOB
스마트 컨슈머의 합리적인 여행을 위한 막강 카드 조합!,"여행,여행카드,카드조합,신용카드,스마트컨슈머,공짜여행,합리적인여행,저렴하게여행가자,합리적인카드,여행비법",HOBBY
직장인이 부동산 부자되는 궁극의 7단계 전략,"직장인투자,부동산,부동산강의,투자관리,부자되는법,투자방법,부동산투자,부자되기",INVESTMENT
